Grandparent,Parent,Child,Grandchild
Clothing,,,
Clothing,Activewear,,
Clothing,Activewear,American Football Trousers,
Clothing,Activewear,Bicycle Activewear,
Clothing,Activewear,Bicycle Activewear,Bicycle Bibs
Clothing,Activewear,Bicycle Activewear,Bicycle Jerseys
Clothing,Activewear,Bicycle Activewear,Bicycle Shorts & Briefs
Clothing,Activewear,Bicycle Activewear,Bicycle Skinsuits
Clothing,Activewear,Bicycle Activewear,Bicycle Tights
Clothing,Activewear,Boxing Shorts,
Clothing,Activewear,"Dance Dresses, Skirts & Costumes",
Clothing,Activewear,Hunting Clothing,
Clothing,Activewear,Hunting Clothing,Ghillie Suits
Clothing,Activewear,Hunting Clothing,Hunting & Fishing Vests
Clothing,Activewear,Hunting Clothing,Hunting & Tactical Trousers
Clothing,Activewear,Martial Arts Shorts,
Clothing,Activewear,Motorcycle Protective Clothing,
Clothing,Activewear,Motorcycle Protective Clothing,Motorcycle Jackets
Clothing,Activewear,Motorcycle Protective Clothing,Motorcycle Suits
Clothing,Activewear,Motorcycle Protective Clothing,Motorcycle Trousers
Clothing,Activewear,Paintball Clothing,
Clothing,Baby & Toddler Clothing,,
Clothing,Baby & Toddler Clothing,Baby & Toddler Bottoms,
Clothing,Baby & Toddler Clothing,Baby & Toddler Dresses,
Clothing,Baby & Toddler Clothing,Baby & Toddler Nappy Covers,
Clothing,Baby & Toddler Clothing,Baby & Toddler Outerwear,
Clothing,Baby & Toddler Clothing,Baby & Toddler Outfits,
Clothing,Baby & Toddler Clothing,Baby & Toddler Sleepwear,
Clothing,Baby & Toddler Clothing,Baby & Toddler Socks & Tights,
Clothing,Baby & Toddler Clothing,Baby & Toddler Swimwear,
Clothing,Baby & Toddler Clothing,Baby & Toddler Tops,
Clothing,Baby & Toddler Clothing,Babygros,
Clothing,Baby & Toddler Clothing,Toddler Underwear,
Clothing,Dresses,,
Clothing,Nightwear & Loungewear,,
Clothing,Nightwear & Loungewear,Loungewear,
Clothing,Nightwear & Loungewear,Night dresses,
Clothing,Nightwear & Loungewear,Pyjamas,
Clothing,Nightwear & Loungewear,Robes,
Clothing,One-Pieces,,
Clothing,One-Pieces,Bodysuits & Unitards,
Clothing,One-Pieces,Dungarees,
Clothing,One-Pieces,Jumpsuits & Playsuits,
Clothing,Outerwear,,
Clothing,Outerwear,Chaps,
Clothing,Outerwear,Coats & Jackets,
Clothing,Outerwear,Gilets,
Clothing,Outerwear,Snow Trousers & Suits,
Clothing,Outerwear,Waterproof Suits,
Clothing,Outerwear,Waterproof Trousers,
Clothing,Outfit Sets,,
Clothing,Shirts & Tops,,
Clothing,Shorts,,
Clothing,Skirts,,
Clothing,Skirts,Knee-Length Skirts,
Clothing,Skirts,Long Skirts,
Clothing,Skirts,Miniskirts,
Clothing,Skorts,,
Clothing,Suits,,
Clothing,Suits,Skirt Suits,
Clothing,Suits,Trouser Suits,
Clothing,Suits,Tuxedos,
Clothing,Swimwear,,
Clothing,Traditional & Ceremonial Clothing,,
Clothing,Traditional & Ceremonial Clothing,Dirndls,
Clothing,Traditional & Ceremonial Clothing,Hakama Trousers,
Clothing,Traditional & Ceremonial Clothing,Japanese Black Formal Wear,
Clothing,Traditional & Ceremonial Clothing,Kimono Outerwear,
Clothing,Traditional & Ceremonial Clothing,Kimono Outerwear,Haori Jackets
Clothing,Traditional & Ceremonial Clothing,Kimono Outerwear,Kimono Coats
Clothing,Traditional & Ceremonial Clothing,Kimonos,
Clothing,Traditional & Ceremonial Clothing,Kimonos,Bridal Kimonos
Clothing,Traditional & Ceremonial Clothing,Kimonos,Casual Kimonos
Clothing,Traditional & Ceremonial Clothing,Kimonos,Furisode Kimonos
Clothing,Traditional & Ceremonial Clothing,Kimonos,Iromuji Kimonos
Clothing,Traditional & Ceremonial Clothing,Kimonos,Komon Kimonos
Clothing,Traditional & Ceremonial Clothing,Kimonos,Tomesode & Houmongi Kimonos
Clothing,Traditional & Ceremonial Clothing,Religious Ceremonial Clothing,
Clothing,Traditional & Ceremonial Clothing,Religious Ceremonial Clothing,Baptism & Communion Dresses
Clothing,Traditional & Ceremonial Clothing,Saris,
Clothing,Traditional & Ceremonial Clothing,Traditional Leather Trousers,
Clothing,Traditional & Ceremonial Clothing,Yukata,
Clothing,Trousers & Jeans,,
Clothing,Underwear & Socks,,
Clothing,Underwear & Socks,Bra Accessories,
Clothing,Underwear & Socks,Bra Accessories,Bra Straps & Extenders
Clothing,Underwear & Socks,Bra Accessories,Bra-Strap Pads
Clothing,Underwear & Socks,Bra Accessories,Breast Enhancers
Clothing,Underwear & Socks,Bra Accessories,Breast Petals & Concealers
Clothing,Underwear & Socks,Bras,
Clothing,Underwear & Socks,Hosiery,
Clothing,Underwear & Socks,Jock Straps,
Clothing,Underwear & Socks,Lingerie,
Clothing,Underwear & Socks,Lingerie Accessories,
Clothing,Underwear & Socks,Lingerie Accessories,Garters
Clothing,Underwear & Socks,Lingerie Accessories,Suspender Belts
Clothing,Underwear & Socks,Long Johns,
Clothing,Underwear & Socks,Petticoats & Pettipants,
Clothing,Underwear & Socks,Shapewear,
Clothing,Underwear & Socks,Socks,
Clothing,Underwear & Socks,Underwear,
Clothing,Underwear & Socks,Underwear Slips,
Clothing,Underwear & Socks,Vests,
Clothing,Uniforms,,
Clothing,Uniforms,Contractors Trousers & Coveralls,
Clothing,Uniforms,Flight Suits,
Clothing,Uniforms,Food Service Uniforms,
Clothing,Uniforms,Food Service Uniforms,Chef's Hats
Clothing,Uniforms,Food Service Uniforms,Chef's Trousers
Clothing,Uniforms,Food Service Uniforms,Chefs' Jackets
Clothing,Uniforms,Military Uniforms,
Clothing,Uniforms,School Uniforms,
Clothing,Uniforms,Security Uniforms,
Clothing,Uniforms,Sports Uniforms,
Clothing,Uniforms,Sports Uniforms,American Football Uniforms
Clothing,Uniforms,Sports Uniforms,Baseball Uniforms
Clothing,Uniforms,Sports Uniforms,Basketball Uniforms
Clothing,Uniforms,Sports Uniforms,Cheerleading Uniforms
Clothing,Uniforms,Sports Uniforms,Cricket Uniforms
Clothing,Uniforms,Sports Uniforms,Hockey Uniforms
Clothing,Uniforms,Sports Uniforms,Martial Arts Uniforms
Clothing,Uniforms,Sports Uniforms,Officiating Uniforms
Clothing,Uniforms,Sports Uniforms,Soccer Kit
Clothing,Uniforms,Sports Uniforms,Softball Uniforms
Clothing,Uniforms,Sports Uniforms,Wrestling Uniforms
Clothing,Uniforms,White Coats,
Clothing,Wedding & Bridal Party Dresses,,
Clothing,Wedding & Bridal Party Dresses,Bridal Party Dresses,
Clothing,Wedding & Bridal Party Dresses,Wedding Dresses,
Clothing Accessories,,,
Clothing Accessories,Arm Warmers & Sleeves,,
Clothing Accessories,Baby & Toddler Clothing Accessories,,
Clothing Accessories,Baby & Toddler Clothing Accessories,Baby & Toddler Belts,
Clothing Accessories,Baby & Toddler Clothing Accessories,Baby & Toddler Gloves & Mittens,
Clothing Accessories,Baby & Toddler Clothing Accessories,Baby & Toddler Hats,
Clothing Accessories,Baby & Toddler Clothing Accessories,Baby Protective Wear,
Clothing Accessories,Balaclavas,,
Clothing Accessories,Bandanas & Headties,,
Clothing Accessories,Bandanas & Headties,Bandanas,
Clothing Accessories,Bandanas & Headties,Hair Care Wraps,
Clothing Accessories,Belt Buckles,,
Clothing Accessories,Belts,,
Clothing Accessories,Braces,,
Clothing Accessories,Bridal Accessories,,
Clothing Accessories,Bridal Accessories,Bridal Veils,
Clothing Accessories,Button Studs,,
Clothing Accessories,Collar Stays,,
Clothing Accessories,Cufflinks,,
Clothing Accessories,Decorative Fans,,
Clothing Accessories,Earmuffs,,
Clothing Accessories,Gloves & Mittens,,
Clothing Accessories,Hair Accessories,,
Clothing Accessories,Hair Accessories,Hair Bun- & Volume-Shapers,
Clothing Accessories,Hair Accessories,Hair Combs,
Clothing Accessories,Hair Accessories,Hair Extensions,
Clothing Accessories,Hair Accessories,Hair Forks & Sticks,
Clothing Accessories,Hair Accessories,Hair Nets,
Clothing Accessories,Hair Accessories,Hair Wreaths,
Clothing Accessories,Hair Accessories,"Hairpins, Claws & Clips",
Clothing Accessories,Hair Accessories,"Hairpins, Claws & Clips",Hair Claws & Clips
Clothing Accessories,Hair Accessories,"Hairpins, Claws & Clips",Hair Clips
Clothing Accessories,Hair Accessories,"Hairpins, Claws & Clips",Hair Pins
Clothing Accessories,Hair Accessories,Headbands,
Clothing Accessories,Hair Accessories,Ponytail Holders,
Clothing Accessories,Hair Accessories,Tiaras,
Clothing Accessories,Hair Accessories,Wig Accessories,
Clothing Accessories,Hair Accessories,Wig Accessories,Wig Caps
Clothing Accessories,Hair Accessories,Wig Accessories,Wig Glue & Tape
Clothing Accessories,Hair Accessories,Wigs,
Clothing Accessories,Hand Muffs,,
Clothing Accessories,Hats,,
Clothing Accessories,Headwear,,
Clothing Accessories,Headwear,Fascinators,
Clothing Accessories,Headwear,Headdresses,
Clothing Accessories,Headwear,Turbans,
Clothing Accessories,Leg Warmers,,
Clothing Accessories,Leis,,
Clothing Accessories,Maternity Belts & Support Bands,,
Clothing Accessories,Neck Gaiters,,
Clothing Accessories,Pinback Buttons,,
Clothing Accessories,Pocket Squares,,
Clothing Accessories,Sashes,,
Clothing Accessories,Scarves & Snoods,,
Clothing Accessories,Scarves & Snoods,Scarves,
Clothing Accessories,Scarves & Snoods,Shawls,
Clothing Accessories,Sunglasses,,
Clothing Accessories,Tie Clips,,
Clothing Accessories,Ties,,
Clothing Accessories,Traditional Clothing Accessories,,
Clothing Accessories,Traditional Clothing Accessories,Kimono Undergarments,
Clothing Accessories,Traditional Clothing Accessories,Obi Accessories,
Clothing Accessories,Traditional Clothing Accessories,Obis,
Clothing Accessories,Traditional Clothing Accessories,Tabi Socks,
Clothing Accessories,Wristbands,,
Costumes & Accessories,,,
Costumes & Accessories,Costume Accessories,,
Costumes & Accessories,Costume Accessories,Bald Caps,
Costumes & Accessories,Costume Accessories,Costume Accessory Sets,
Costumes & Accessories,Costume Accessories,Costume Capes,
Costumes & Accessories,Costume Accessories,Costume Gloves,
Costumes & Accessories,Costume Accessories,Costume Hats,
Costumes & Accessories,Costume Accessories,Costume Special Effects,
Costumes & Accessories,Costume Accessories,Costume Tobacco Products,
Costumes & Accessories,Costume Accessories,Pretend Jewellery,
Costumes & Accessories,Costume Shoes,,
Costumes & Accessories,Costumes,,
Costumes & Accessories,Masks,,
Handbag & Wallet Accessories,,,
Handbag & Wallet Accessories,Chequebook Covers,,
Handbag & Wallet Accessories,Key Chains,,
Handbag & Wallet Accessories,Lanyards,,
Handbag & Wallet Accessories,Wallet Chains,,
"Handbags, Wallets & Cases",,,
"Handbags, Wallets & Cases",Badge & Pass Holders,,
"Handbags, Wallets & Cases",Business Card Cases,,
"Handbags, Wallets & Cases",Handbags,,
"Handbags, Wallets & Cases",Wallets & Money Clips,,
Jewellery & Watches,,,
Jewellery & Watches,Anklets,,
Jewellery & Watches,Body Jewellery,,
Jewellery & Watches,Bracelets,,
Jewellery & Watches,Brooches & Lapel Pins,,
Jewellery & Watches,Charms & Pendants,,
Jewellery & Watches,Earrings,,
Jewellery & Watches,Jewellery Sets,,
Jewellery & Watches,Necklaces,,
Jewellery & Watches,Rings,,
Jewellery & Watches,Watch Accessories,,
Jewellery & Watches,Watch Accessories,Watch Bands,
Jewellery & Watches,Watch Accessories,Watch Stickers & Decals,
Jewellery & Watches,Watch Accessories,Watch Winders,
Jewellery & Watches,Watches,,
Shoe Accessories,,,
Shoe Accessories,Boot Liners,,
Shoe Accessories,Gaiters,,
Shoe Accessories,Shoe Covers,,
Shoe Accessories,Shoelaces,,
Shoe Accessories,Spurs,,
Shoes,,,
